{
  "raw/UltraPlot/ultraplot/__init__.py": 1777198486.946873,
  "raw/UltraPlot/ultraplot/axes/__init__.py": 1777198486.9470072,
  "raw/UltraPlot/ultraplot/axes/base.py": 1777198486.9471245,
  "raw/UltraPlot/ultraplot/axes/cartesian.py": 1777198486.9471245,
  "raw/UltraPlot/ultraplot/axes/container.py": 1777198486.9471245,
  "raw/UltraPlot/ultraplot/axes/geo.py": 1777198486.9481244,
  "raw/UltraPlot/ultraplot/axes/plot.py": 1777198486.9491243,
  "raw/UltraPlot/ultraplot/axes/polar.py": 1777198486.9500148,
  "raw/UltraPlot/ultraplot/axes/shared.py": 1777198486.9500148,
  "raw/UltraPlot/ultraplot/axes/three.py": 1777198486.9500148,
  "raw/UltraPlot/ultraplot/colorbar.py": 1777198486.9551244,
  "raw/UltraPlot/ultraplot/colors.py": 1777198486.9561243,
  "raw/UltraPlot/ultraplot/config.py": 1777198486.9567301,
  "raw/UltraPlot/ultraplot/constructor.py": 1777198486.9567301,
  "raw/UltraPlot/ultraplot/figure.py": 1777198486.9581242,
  "raw/UltraPlot/ultraplot/gridspec.py": 1777198487.0881228,
  "raw/UltraPlot/ultraplot/legend.py": 1777198487.0891228,
  "raw/UltraPlot/ultraplot/proj.py": 1777198487.0891228,
  "raw/UltraPlot/ultraplot/scale.py": 1777198487.0891228,
  "raw/UltraPlot/ultraplot/text.py": 1777198487.0921228,
  "raw/UltraPlot/ultraplot/ticker.py": 1777198487.0931227,
  "raw/UltraPlot/ultraplot/ui.py": 1777198487.0931227,
  "raw/UltraPlot/ultraplot/ultralayout.py": 1777198487.0931227,
  "raw/UltraPlot/ultraplot/utils.py": 1777198487.0931227
}